{"cameraMode":{"drawMode":0,"name":"Shaded","section":"Shading Mode"},"sceneLighting":false,"audioPlay":false,"sceneViewState":{"showFog":true,"showMaterialUpdate":false,"showSkybox":false,"showFlares":true,"showImageEffects":true,"showParticleSystems":true},"in2DMode":false,"pivot":{"x":28.8799991607666,"y":-3.190000057220459,"z":22.117919921875},"rotation":{"x":0.08478780090808869,"y":0.689711332321167,"z":-0.08239331841468811,"w":0.7145107984542847},"size":22.053564071655275,"orthographic":false}