{"cameraMode":{"drawMode":0,"name":"Shaded","section":"Shading Mode"},"sceneLighting":true,"audioPlay":false,"sceneViewState":{"showFog":true,"showMaterialUpdate":false,"showSkybox":true,"showFlares":true,"showImageEffects":true,"showParticleSystems":true},"in2DMode":false,"pivot":{"x":101.8499984741211,"y":-4.880000114440918,"z":-8.020000457763672},"rotation":{"x":-0.17951203882694245,"y":-0.16152417659759522,"z":0.02989623136818409,"w":-0.9699653387069702},"size":47.09048080444336,"orthographic":false}